epoch,iso,state,tables_done,tables_total,files_done,files_total,chunks_done,http
"1787152097","2026-08-19T17:08:17+02:00","running",0,186,0,48578,30,"200"
"1787152127","2026-08-19T17:08:48+02:00","running",0,186,0,48578,100,"200"
"1787152158","2026-08-19T17:09:18+02:00","running",2,186,0,48578,215,"200"
"1787152188","2026-08-19T17:09:48+02:00","running",3,186,0,48578,281,"200"
"1787152218","2026-08-19T17:10:19+02:00","running",3,186,0,48578,281,"200"
"1787152249","2026-08-19T17:10:49+02:00","running",3,186,0,48578,281,"200"
"1787152279","2026-08-19T17:11:19+02:00","running",3,186,0,48578,281,"200"
"1787152309","2026-08-19T17:11:50+02:00","running",3,186,0,48578,281,"200"
"1787152340","2026-08-19T17:12:20+02:00","running",3,186,0,48578,281,"200"
"1787152370","2026-08-19T17:12:50+02:00","running",3,186,0,48578,281,"200"
"1787152400","2026-08-19T17:13:20+02:00","running",3,186,0,48578,281,"200"
"1787152431","2026-08-19T17:13:51+02:00","running",3,186,0,48578,281,"200"
"1787152461","2026-08-19T17:14:21+02:00","running",3,186,0,48578,281,"200"
"1787152491","2026-08-19T17:14:52+02:00","running",3,186,0,48578,281,"200"
"1787152522","2026-08-19T17:15:22+02:00","running",3,186,0,48578,282,"200"
"1787152552","2026-08-19T17:15:52+02:00","running",3,186,0,48578,282,"200"
"1787152582","2026-08-19T17:16:23+02:00","running",3,186,0,48578,282,"200"
"1787152613","2026-08-19T17:16:53+02:00","running",3,186,0,48578,282,"200"
"1787152643","2026-08-19T17:17:23+02:00","running",5,186,0,48578,291,"200"
"1787152673","2026-08-19T17:17:54+02:00","running",9,186,0,48578,342,"200"
"1787152704","2026-08-19T17:18:24+02:00","running",9,186,0,48578,342,"200"
"1787152734","2026-08-19T17:18:54+02:00","running",12,186,0,48578,372,"200"
"1787152764","2026-08-19T17:19:25+02:00","running",87,186,0,48578,473,"200"
"1787152795","2026-08-19T17:19:55+02:00","running",186,186,58,48578,632,"200"
"1787152825","2026-08-19T17:20:25+02:00","running",186,186,164,48578,745,"200"
"1787152855","2026-08-19T17:20:56+02:00","running",186,186,276,48578,865,"200"
"1787152886","2026-08-19T17:21:26+02:00","running",186,186,384,48578,980,"200"
"1787152916","2026-08-19T17:21:56+02:00","running",186,186,501,48578,1103,"200"
"1787152946","2026-08-19T17:22:26+02:00","running",186,186,609,48578,1219,"200"
"1787152976","2026-08-19T17:22:57+02:00","running",186,186,717,48578,1334,"200"
"1787153007","2026-08-19T17:23:27+02:00","running",186,186,830,48578,1454,"200"
"1787153037","2026-08-19T17:23:58+02:00","running",186,186,942,48578,1572,"200"
"1787153068","2026-08-19T17:24:28+02:00","running",186,186,1055,48578,1692,"200"
"1787153098","2026-08-19T17:24:58+02:00","running",186,186,1165,48578,1810,"200"
"1787153128","2026-08-19T17:25:28+02:00","running",186,186,1283,48578,1931,"200"
"1787153158","2026-08-19T17:25:59+02:00","running",186,186,1394,48578,2049,"200"
"1787153189","2026-08-19T17:26:29+02:00","running",186,186,1500,48578,2161,"200"
"1787153219","2026-08-19T17:26:59+02:00","running",186,186,1616,48578,2282,"200"
"1787153249","2026-08-19T17:27:30+02:00","running",186,186,1721,48578,2396,"200"
"1787153280","2026-08-19T17:28:00+02:00","running",186,186,1837,48578,2518,"200"
"1787153310","2026-08-19T17:28:30+02:00","running",186,186,1937,48578,2629,"200"
"1787153340","2026-08-19T17:29:01+02:00","running",186,186,2051,48578,2748,"200"
"1787153371","2026-08-19T17:29:31+02:00","running",186,186,2167,48578,2870,"200"
"1787153401","2026-08-19T17:30:02+02:00","running",186,186,2281,48578,2990,"200"
"1787153432","2026-08-19T17:30:32+02:00","running",186,186,2385,48578,3102,"200"
"1787153462","2026-08-19T17:31:02+02:00","running",186,186,2487,48578,3213,"200"
"1787153492","2026-08-19T17:31:33+02:00","running",186,186,2591,48578,3325,"200"
"1787153523","2026-08-19T17:32:03+02:00","running",186,186,2701,48578,3442,"200"
"1787153553","2026-08-19T17:32:33+02:00","running",186,186,2816,48578,3562,"200"
"1787153583","2026-08-19T17:33:04+02:00","running",186,186,2926,48578,3679,"200"
"1787153614","2026-08-19T17:33:34+02:00","running",186,186,3042,48578,3800,"200"
"1787153644","2026-08-19T17:34:04+02:00","running",186,186,3154,48578,3920,"200"
"1787153674","2026-08-19T17:34:35+02:00","running",186,186,3264,48578,4037,"200"
"1787153705","2026-08-19T17:35:05+02:00","running",186,186,3383,48578,4160,"200"
"1787153735","2026-08-19T17:35:35+02:00","running",186,186,3488,48578,4274,"200"
"1787153765","2026-08-19T17:36:06+02:00","running",186,186,3602,48578,4395,"200"
"1787153796","2026-08-19T17:36:36+02:00","running",186,186,3709,48578,4511,"200"
"1787153826","2026-08-19T17:37:06+02:00","running",186,186,3810,48578,4622,"200"
"1787153857","2026-08-19T17:37:37+02:00","running",186,186,3925,48578,4743,"200"
"1787153887","2026-08-19T17:38:07+02:00","running",186,186,4045,48578,4867,"200"
"1787153917","2026-08-19T17:38:37+02:00","running",186,186,4150,48578,4980,"200"
"1787153948","2026-08-19T17:39:08+02:00","running",186,186,4262,48578,5099,"200"
"1787153978","2026-08-19T17:39:38+02:00","running",186,186,4369,48578,5214,"200"
"1787154008","2026-08-19T17:40:09+02:00","running",186,186,4482,48578,5333,"200"
"1787154039","2026-08-19T17:40:39+02:00","running",186,186,4592,48578,5450,"200"
"1787154069","2026-08-19T17:41:09+02:00","running",186,186,4705,48578,5569,"200"
"1787154099","2026-08-19T17:41:40+02:00","running",186,186,4815,48578,5686,"200"
"1787154130","2026-08-19T17:42:10+02:00","running",186,186,4933,48578,5808,"200"
"1787154160","2026-08-19T17:42:40+02:00","running",186,186,5042,48578,5924,"200"
"1787154190","2026-08-19T17:43:11+02:00","running",186,186,5154,48578,6043,"200"
"1787154221","2026-08-19T17:43:41+02:00","running",186,186,5266,48578,6161,"200"
"1787154251","2026-08-19T17:44:11+02:00","running",186,186,5374,48578,6277,"200"
"1787154281","2026-08-19T17:44:42+02:00","running",186,186,5485,48578,6395,"200"
"1787154312","2026-08-19T17:45:12+02:00","running",186,186,5597,48578,6516,"200"
"1787154342","2026-08-19T17:45:42+02:00","running",186,186,5726,48578,6653,"200"
"1787154372","2026-08-19T17:46:13+02:00","running",186,186,5862,48578,6796,"200"
"1787154403","2026-08-19T17:46:43+02:00","running",186,186,6005,48578,6944,"200"
"1787154433","2026-08-19T17:47:13+02:00","running",186,186,6171,48578,7110,"200"
"1787154463","2026-08-19T17:47:44+02:00","running",186,186,6336,48578,7275,"200"
"1787154494","2026-08-19T17:48:14+02:00","running",186,186,6500,48578,7440,"200"
"1787154524","2026-08-19T17:48:44+02:00","running",186,186,6665,48578,7606,"200"
"1787154554","2026-08-19T17:49:15+02:00","running",186,186,6780,48578,7733,"200"
"1787154585","2026-08-19T17:49:45+02:00","running",186,186,6955,48578,7908,"200"
"1787154615","2026-08-19T17:50:16+02:00","running",186,186,7127,48578,8080,"200"
"1787154646","2026-08-19T17:50:46+02:00","running",186,186,7251,48578,8206,"200"
"1787154676","2026-08-19T17:51:16+02:00","running",186,186,7383,48578,8345,"200"
"1787154706","2026-08-19T17:51:47+02:00","running",186,186,7530,48578,8499,"200"
"1787154737","2026-08-19T17:52:17+02:00","running",186,186,7694,48578,8663,"200"
"1787154767","2026-08-19T17:52:47+02:00","running",186,186,7825,48578,8800,"200"
"1787154797","2026-08-19T17:53:18+02:00","running",186,186,7900,48578,8889,"200"
"1787154828","2026-08-19T17:53:48+02:00","running",186,186,8014,48578,9012,"200"
"1787154858","2026-08-19T17:54:19+02:00","running",186,186,8159,48578,9162,"200"
"1787154889","2026-08-19T17:54:49+02:00","running",186,186,8337,48578,9340,"200"
"1787154919","2026-08-19T17:55:19+02:00","running",186,186,8507,48578,9510,"200"
"1787154949","2026-08-19T17:55:50+02:00","running",186,186,8688,48578,9691,"200"
"1787154980","2026-08-19T17:56:20+02:00","running",186,186,8863,48578,9866,"200"
"1787155010","2026-08-19T17:56:50+02:00","running",186,186,9028,48578,10033,"200"
"1787155040","2026-08-19T17:57:21+02:00","running",186,186,9195,48578,10200,"200"
"1787155071","2026-08-19T17:57:51+02:00","running",186,186,9379,48578,10384,"200"
"1787155101","2026-08-19T17:58:21+02:00","running",186,186,9556,48578,10561,"200"
"1787155131","2026-08-19T17:58:52+02:00","running",186,186,9736,48578,10741,"200"
"1787155162","2026-08-19T17:59:22+02:00","running",186,186,9915,48578,10920,"200"
"1787155192","2026-08-19T17:59:52+02:00","running",186,186,10098,48578,11103,"200"
"1787155222","2026-08-19T18:00:23+02:00","running",186,186,10263,48578,11268,"200"
"1787155253","2026-08-19T18:00:53+02:00","running",186,186,10436,48578,11441,"200"
"1787155283","2026-08-19T18:01:23+02:00","running",186,186,10609,48578,11614,"200"
"1787155314","2026-08-19T18:01:54+02:00","running",186,186,10784,48578,11789,"200"
"1787155344","2026-08-19T18:02:24+02:00","running",186,186,10958,48578,11963,"200"
"1787155374","2026-08-19T18:02:55+02:00","running",186,186,11135,48578,12140,"200"
"1787155405","2026-08-19T18:03:25+02:00","running",186,186,11309,48578,12314,"200"
"1787155435","2026-08-19T18:03:55+02:00","running",186,186,11491,48578,12496,"200"
"1787155465","2026-08-19T18:04:26+02:00","running",186,186,11647,48578,12652,"200"
"1787155496","2026-08-19T18:04:56+02:00","running",186,186,11823,48578,12828,"200"
"1787155526","2026-08-19T18:05:26+02:00","running",186,186,11996,48578,13001,"200"
"1787155556","2026-08-19T18:05:57+02:00","running",186,186,12137,48578,13142,"200"
"1787155587","2026-08-19T18:06:27+02:00","running",186,186,12304,48578,13309,"200"
"1787155617","2026-08-19T18:06:57+02:00","running",186,186,12476,48578,13481,"200"
"1787155647","2026-08-19T18:07:28+02:00","running",186,186,12650,48578,13655,"200"
"1787155678","2026-08-19T18:07:58+02:00","running",186,186,12823,48578,13828,"200"
"1787155708","2026-08-19T18:08:29+02:00","running",186,186,13002,48578,14007,"200"
"1787155739","2026-08-19T18:08:59+02:00","running",186,186,13141,48578,14155,"200"
"1787155769","2026-08-19T18:09:29+02:00","running",186,186,13301,48578,14315,"200"
"1787155799","2026-08-19T18:10:00+02:00","running",186,186,13466,48578,14481,"200"
"1787155830","2026-08-19T18:10:30+02:00","running",186,186,13606,48578,14625,"200"
"1787155860","2026-08-19T18:11:00+02:00","running",186,186,13770,48578,14789,"200"
"1787155890","2026-08-19T18:11:31+02:00","running",186,186,13884,48578,14915,"200"
"1787155921","2026-08-19T18:12:01+02:00","running",186,186,14027,48578,15065,"200"
"1787155951","2026-08-19T18:12:32+02:00","running",186,186,14199,48578,15237,"200"
"1787155982","2026-08-19T18:13:02+02:00","running",186,186,14374,48578,15412,"200"
"1787156012","2026-08-19T18:13:32+02:00","running",186,186,14547,48578,15585,"200"
"1787156042","2026-08-19T18:14:03+02:00","running",186,186,14705,48578,15743,"200"
"1787156073","2026-08-19T18:14:33+02:00","running",186,186,14876,48578,15914,"200"
"1787156103","2026-08-19T18:15:03+02:00","running",186,186,15040,48578,16081,"200"
"1787156133","2026-08-19T18:15:34+02:00","running",186,186,15207,48578,16248,"200"
"1787156164","2026-08-19T18:16:04+02:00","running",186,186,15380,48578,16421,"200"
"1787156194","2026-08-19T18:16:34+02:00","running",186,186,15554,48578,16595,"200"
"1787156224","2026-08-19T18:17:05+02:00","running",186,186,15714,48578,16755,"200"
"1787156255","2026-08-19T18:17:35+02:00","running",186,186,15878,48578,16919,"200"
"1787156285","2026-08-19T18:18:05+02:00","running",186,186,16056,48578,17097,"200"
"1787156315","2026-08-19T18:18:36+02:00","running",186,186,16218,48578,17259,"200"
"1787156346","2026-08-19T18:19:06+02:00","running",186,186,16374,48578,17415,"200"
"1787156376","2026-08-19T18:19:36+02:00","running",186,186,16547,48578,17588,"200"
"1787156406","2026-08-19T18:20:07+02:00","running",186,186,16724,48578,17765,"200"
"1787156437","2026-08-19T18:20:37+02:00","running",186,186,16830,48578,17891,"200"
"1787156467","2026-08-19T18:21:07+02:00","running",186,186,17018,48578,18079,"200"
"1787156497","2026-08-19T18:21:38+02:00","running",186,186,17201,48578,18262,"200"
"1787156528","2026-08-19T18:22:08+02:00","running",186,186,17373,48578,18434,"200"
"1787156558","2026-08-19T18:22:38+02:00","running",186,186,17542,48578,18603,"200"
"1787156588","2026-08-19T18:23:09+02:00","running",186,186,17723,48578,18784,"200"
"1787156619","2026-08-19T18:23:39+02:00","running",186,186,17903,48578,18964,"200"
"1787156649","2026-08-19T18:24:09+02:00","running",186,186,18085,48578,19146,"200"
"1787156679","2026-08-19T18:24:40+02:00","running",186,186,18232,48578,19301,"200"
"1787156710","2026-08-19T18:25:10+02:00","running",186,186,18325,48578,19414,"200"
"1787156740","2026-08-19T18:25:40+02:00","running",186,186,18472,48578,19565,"200"
"1787156770","2026-08-19T18:26:11+02:00","running",186,186,18651,48578,19744,"200"
"1787156801","2026-08-19T18:26:41+02:00","running",186,186,18834,48578,19927,"200"
"1787156831","2026-08-19T18:27:11+02:00","running",186,186,19004,48578,20099,"200"
"1787156861","2026-08-19T18:27:42+02:00","running",186,186,19135,48578,20242,"200"
"1787156892","2026-08-19T18:28:12+02:00","running",186,186,19285,48578,20395,"200"
"1787156922","2026-08-19T18:28:42+02:00","running",186,186,19435,48578,20549,"200"
"1787156952","2026-08-19T18:29:13+02:00","running",186,186,19611,48578,20725,"200"
"1787156983","2026-08-19T18:29:43+02:00","running",186,186,19777,48578,20894,"200"
"1787157013","2026-08-19T18:30:13+02:00","running",186,186,19952,48578,21069,"200"
"1787157043","2026-08-19T18:30:43+02:00","running",186,186,20134,48578,21251,"200"
"1787157073","2026-08-19T18:31:14+02:00","running",186,186,20313,48578,21430,"200"
"1787157104","2026-08-19T18:31:44+02:00","running",186,186,20471,48578,21589,"200"
"1787157134","2026-08-19T18:32:14+02:00","running",186,186,20647,48578,21765,"200"
"1787157164","2026-08-19T18:32:45+02:00","running",186,186,20822,48578,21941,"200"
"1787157195","2026-08-19T18:33:15+02:00","running",186,186,20990,48578,22111,"200"
"1787157225","2026-08-19T18:33:45+02:00","running",186,186,21161,48578,22282,"200"
"1787157255","2026-08-19T18:34:16+02:00","running",186,186,21340,48578,22461,"200"
"1787157286","2026-08-19T18:34:46+02:00","running",186,186,21519,48578,22640,"200"
"1787157316","2026-08-19T18:35:16+02:00","running",186,186,21694,48578,22815,"200"
"1787157346","2026-08-19T18:35:47+02:00","running",186,186,21870,48578,22991,"200"
"1787157377","2026-08-19T18:36:17+02:00","running",186,186,22047,48578,23168,"200"
"1787157407","2026-08-19T18:36:47+02:00","running",186,186,22204,48578,23328,"200"
"1787157437","2026-08-19T18:37:18+02:00","running",186,186,22334,48578,23466,"200"
"1787157468","2026-08-19T18:37:48+02:00","running",186,186,22491,48578,23623,"200"
"1787157498","2026-08-19T18:38:18+02:00","running",186,186,22619,48578,23762,"200"
"1787157528","2026-08-19T18:38:48+02:00","running",186,186,22639,48578,23825,"200"
"1787157558","2026-08-19T18:39:19+02:00","running",186,186,22785,48578,23973,"200"
"1787157589","2026-08-19T18:39:49+02:00","running",186,186,22931,48578,24120,"200"
"1787157619","2026-08-19T18:40:19+02:00","running",186,186,23082,48578,24273,"200"
"1787157649","2026-08-19T18:40:50+02:00","running",186,186,23219,48578,24415,"200"
"1787157680","2026-08-19T18:41:20+02:00","running",186,186,23335,48578,24537,"200"
"1787157710","2026-08-19T18:41:50+02:00","running",186,186,23484,48578,24686,"200"
"1787157740","2026-08-19T18:42:20+02:00","running",186,186,23642,48578,24844,"200"
"1787157770","2026-08-19T18:42:51+02:00","running",186,186,23774,48578,24979,"200"
"1787157801","2026-08-19T18:43:21+02:00","running",186,186,23902,48578,25109,"200"
"1787157831","2026-08-19T18:43:51+02:00","running",186,186,24049,48578,25259,"200"
"1787157861","2026-08-19T18:44:22+02:00","running",186,186,24188,48578,25400,"200"
"1787157892","2026-08-19T18:44:52+02:00","running",186,186,24346,48578,25559,"200"
"1787157922","2026-08-19T18:45:22+02:00","running",186,186,24520,48578,25733,"200"
"1787157952","2026-08-19T18:45:52+02:00","running",186,186,24654,48578,25870,"200"
"1787157982","2026-08-19T18:46:23+02:00","running",186,186,24774,48578,25998,"200"
"1787158013","2026-08-19T18:46:53+02:00","running",186,186,24925,48578,26150,"200"
"1787158043","2026-08-19T18:47:23+02:00","running",186,186,25066,48578,26292,"200"
"1787158073","2026-08-19T18:47:53+02:00","running",186,186,25193,48578,26424,"200"
"1787158104","2026-08-19T18:48:24+02:00","running",186,186,25346,48578,26577,"200"
"1787158134","2026-08-19T18:48:54+02:00","running",186,186,25471,48578,26707,"200"
"1787158164","2026-08-19T18:49:24+02:00","running",186,186,25619,48578,26855,"200"
"1787158194","2026-08-19T18:49:55+02:00","running",186,186,25765,48578,27004,"200"
"1787158225","2026-08-19T18:50:25+02:00","running",186,186,25916,48578,27155,"200"
"1787158255","2026-08-19T18:50:55+02:00","running",186,186,26065,48578,27304,"200"
"1787158285","2026-08-19T18:51:26+02:00","running",186,186,26207,48578,27448,"200"
"1787158316","2026-08-19T18:51:56+02:00","running",186,186,26358,48578,27599,"200"
"1787158346","2026-08-19T18:52:26+02:00","running",186,186,26505,48578,27747,"200"
"1787158376","2026-08-19T18:52:56+02:00","running",186,186,26644,48578,27890,"200"
"1787158407","2026-08-19T18:53:27+02:00","running",186,186,26801,48578,28047,"200"
"1787158437","2026-08-19T18:53:57+02:00","running",186,186,26951,48578,28197,"200"
"1787158467","2026-08-19T18:54:27+02:00","running",186,186,27097,48578,28343,"200"
"1787158498","2026-08-19T18:54:58+02:00","running",186,186,27269,48578,28515,"200"
"1787158528","2026-08-19T18:55:28+02:00","running",186,186,27414,48578,28667,"200"
"1787158558","2026-08-19T18:55:59+02:00","running",186,186,27597,48578,28850,"200"
"1787158589","2026-08-19T18:56:29+02:00","running",186,186,27759,48578,29012,"200"
"1787158619","2026-08-19T18:56:59+02:00","running",186,186,27848,48578,29114,"200"
"1787158649","2026-08-19T18:57:30+02:00","running",186,186,27950,48578,29228,"200"
"1787158680","2026-08-19T18:58:00+02:00","running",186,186,28099,48578,29377,"200"
"1787158710","2026-08-19T18:58:30+02:00","running",186,186,28253,48578,29532,"200"
"1787158740","2026-08-19T18:59:01+02:00","running",186,186,28374,48578,29656,"200"
"1787158771","2026-08-19T18:59:31+02:00","running",186,186,28485,48578,29779,"200"
"1787158801","2026-08-19T19:00:01+02:00","running",186,186,28641,48578,29935,"200"
"1787158832","2026-08-19T19:00:32+02:00","running",186,186,28779,48578,30073,"200"
"1787158862","2026-08-19T19:01:02+02:00","running",186,186,28926,48578,30220,"200"
"1787158892","2026-08-19T19:01:33+02:00","running",186,186,29052,48578,30351,"200"
"1787158923","2026-08-19T19:02:03+02:00","running",186,186,29191,48578,30490,"200"
"1787158953","2026-08-19T19:02:33+02:00","running",186,186,29293,48578,30603,"200"
"1787158983","2026-08-19T19:03:04+02:00","running",186,186,29396,48578,30716,"200"
"1787159014","2026-08-19T19:03:34+02:00","running",186,186,29520,48578,30847,"200"
"1787159044","2026-08-19T19:04:04+02:00","running",186,186,29671,48578,30998,"200"
"1787159074","2026-08-19T19:04:35+02:00","running",186,186,29765,48578,31106,"200"
"1787159105","2026-08-19T19:05:05+02:00","running",186,186,29867,48578,31217,"200"
"1787159135","2026-08-19T19:05:35+02:00","running",186,186,29942,48578,31311,"200"
"1787159165","2026-08-19T19:06:06+02:00","running",186,186,30017,48578,31406,"200"
"1787159196","2026-08-19T19:06:36+02:00","running",186,186,30144,48578,31540,"200"
"1787159226","2026-08-19T19:07:07+02:00","running",186,186,30257,48578,31659,"200"
"1787159257","2026-08-19T19:07:37+02:00","running",186,186,30386,48578,31794,"200"
"1787159287","2026-08-19T19:08:07+02:00","running",186,186,30549,48578,31957,"200"
"1787159317","2026-08-19T19:08:38+02:00","running",186,186,30690,48578,32098,"200"
"1787159348","2026-08-19T19:09:08+02:00","running",186,186,30837,48578,32245,"200"
"1787159378","2026-08-19T19:09:38+02:00","running",186,186,30949,48578,32365,"200"
"1787159408","2026-08-19T19:10:09+02:00","running",186,186,31035,48578,32463,"200"
"1787159439","2026-08-19T19:10:39+02:00","running",186,186,31112,48578,32558,"200"
"1787159469","2026-08-19T19:11:09+02:00","running",186,186,31259,48578,32705,"200"
"1787159499","2026-08-19T19:11:40+02:00","running",186,186,31400,48578,32846,"200"
"1787159530","2026-08-19T19:12:10+02:00","running",186,186,31534,48578,32983,"200"
"1787159560","2026-08-19T19:12:40+02:00","running",186,186,31662,48578,33111,"200"
"1787159590","2026-08-19T19:13:11+02:00","running",186,186,31804,48578,33253,"200"
"1787159621","2026-08-19T19:13:41+02:00","running",186,186,31933,48578,33386,"200"
"1787159651","2026-08-19T19:14:11+02:00","running",186,186,32065,48578,33519,"200"
"1787159681","2026-08-19T19:14:42+02:00","running",186,186,32225,48578,33679,"200"
"1787159712","2026-08-19T19:15:12+02:00","running",186,186,32381,48578,33835,"200"
"1787159742","2026-08-19T19:15:42+02:00","running",186,186,32530,48578,33984,"200"
"1787159772","2026-08-19T19:16:13+02:00","running",186,186,32673,48578,34127,"200"
"1787159803","2026-08-19T19:16:43+02:00","running",186,186,32815,48578,34269,"200"
"1787159833","2026-08-19T19:17:13+02:00","running",186,186,32957,48578,34411,"200"
"1787159863","2026-08-19T19:17:44+02:00","running",186,186,33098,48578,34552,"200"
"1787159894","2026-08-19T19:18:14+02:00","running",186,186,33239,48578,34693,"200"
"1787159924","2026-08-19T19:18:45+02:00","running",186,186,33358,48578,34820,"200"
"1787159955","2026-08-19T19:19:15+02:00","running",186,186,33507,48578,34972,"200"
"1787159985","2026-08-19T19:19:45+02:00","running",186,186,33650,48578,35116,"200"
"1787160015","2026-08-19T19:20:16+02:00","running",186,186,33723,48578,35207,"200"
"1787160046","2026-08-19T19:20:46+02:00","running",186,186,33768,48578,35288,"200"
"1787160076","2026-08-19T19:21:16+02:00","running",186,186,33886,48578,35411,"200"
"1787160106","2026-08-19T19:21:47+02:00","running",186,186,33887,48578,35464,"200"
"1787160137","2026-08-19T19:22:17+02:00","running",186,186,33887,48578,35516,"200"
"1787160167","2026-08-19T19:22:47+02:00","running",186,186,33930,48578,35595,"200"
"1787160197","2026-08-19T19:23:18+02:00","running",186,186,34078,48578,35743,"200"
"1787160228","2026-08-19T19:23:48+02:00","running",186,186,34202,48578,35875,"200"
"1787160258","2026-08-19T19:24:18+02:00","running",186,186,34304,48578,35993,"200"
"1787160288","2026-08-19T19:24:49+02:00","running",186,186,34456,48578,36147,"200"
"1787160319","2026-08-19T19:25:19+02:00","running",186,186,34595,48578,36288,"200"
"1787160349","2026-08-19T19:25:49+02:00","running",186,186,34729,48578,36425,"200"
"1787160379","2026-08-19T19:26:20+02:00","running",186,186,34871,48578,36569,"200"
"1787160410","2026-08-19T19:26:50+02:00","running",186,186,35015,48578,36715,"200"
"1787160440","2026-08-19T19:27:20+02:00","running",186,186,35171,48578,36871,"200"
"1787160470","2026-08-19T19:27:51+02:00","running",186,186,35302,48578,37004,"200"
"1787160501","2026-08-19T19:28:21+02:00","running",186,186,35436,48578,37139,"200"
"1787160531","2026-08-19T19:28:51+02:00","running",186,186,35552,48578,37259,"200"
"1787160561","2026-08-19T19:29:22+02:00","running",186,186,35699,48578,37409,"200"
"1787160592","2026-08-19T19:29:52+02:00","running",186,186,35816,48578,37533,"200"
"1787160622","2026-08-19T19:30:23+02:00","running",186,186,35951,48578,37670,"200"
"1787160653","2026-08-19T19:30:53+02:00","running",186,186,36078,48578,37801,"200"
"1787160683","2026-08-19T19:31:23+02:00","running",186,186,36207,48578,37935,"200"
"1787160713","2026-08-19T19:31:54+02:00","running",186,186,36341,48578,38071,"200"
"1787160744","2026-08-19T19:32:24+02:00","running",186,186,36472,48578,38204,"200"
"1787160774","2026-08-19T19:32:54+02:00","running",186,186,36609,48578,38343,"200"
"1787160804","2026-08-19T19:33:24+02:00","running",186,186,36725,48578,38465,"200"
"1787160834","2026-08-19T19:33:55+02:00","running",186,186,36859,48578,38601,"200"
"1787160865","2026-08-19T19:34:25+02:00","running",186,186,36974,48578,38723,"200"
"1787160895","2026-08-19T19:34:55+02:00","running",186,186,37077,48578,38836,"200"
"1787160925","2026-08-19T19:35:26+02:00","running",186,186,37190,48578,38952,"200"
"1787160956","2026-08-19T19:35:56+02:00","running",186,186,37295,48578,39069,"200"
"1787160986","2026-08-19T19:36:26+02:00","running",186,186,37415,48578,39196,"200"
"1787161016","2026-08-19T19:36:57+02:00","running",186,186,37546,48578,39334,"200"
"1787161047","2026-08-19T19:37:27+02:00","running",186,186,37714,48578,39502,"200"
"1787161077","2026-08-19T19:37:57+02:00","running",186,186,37833,48578,39631,"200"
"1787161107","2026-08-19T19:38:28+02:00","running",186,186,37940,48578,39748,"200"
"1787161138","2026-08-19T19:38:58+02:00","running",186,186,38036,48578,39860,"200"
"1787161168","2026-08-19T19:39:28+02:00","running",186,186,38125,48578,39966,"200"
"1787161198","2026-08-19T19:39:59+02:00","running",186,186,38215,48578,40076,"200"
"1787161229","2026-08-19T19:40:29+02:00","running",186,186,38311,48578,40185,"200"
"1787161259","2026-08-19T19:40:59+02:00","running",186,186,38407,48578,40296,"200"
"1787161289","2026-08-19T19:41:30+02:00","running",186,186,38522,48578,40419,"200"
"1787161320","2026-08-19T19:42:00+02:00","running",186,186,38629,48578,40538,"200"
"1787161350","2026-08-19T19:42:30+02:00","running",186,186,38735,48578,40659,"200"
"1787161380","2026-08-19T19:43:01+02:00","running",186,186,38856,48578,40788,"200"
"1787161411","2026-08-19T19:43:31+02:00","running",186,186,38963,48578,40906,"200"
"1787161441","2026-08-19T19:44:01+02:00","running",186,186,39101,48578,41049,"200"
"1787161471","2026-08-19T19:44:32+02:00","running",186,186,39209,48578,41167,"200"
"1787161502","2026-08-19T19:45:02+02:00","running",186,186,39321,48578,41291,"200"
"1787161532","2026-08-19T19:45:32+02:00","running",186,186,39416,48578,41403,"200"
"1787161562","2026-08-19T19:46:03+02:00","running",186,186,39517,48578,41517,"200"
"1787161593","2026-08-19T19:46:33+02:00","running",186,186,39659,48578,41663,"200"
"1787161623","2026-08-19T19:47:03+02:00","running",186,186,39775,48578,41787,"200"
"1787161653","2026-08-19T19:47:34+02:00","running",186,186,39923,48578,41938,"200"
"1787161684","2026-08-19T19:48:04+02:00","running",186,186,40003,48578,42039,"200"
"1787161714","2026-08-19T19:48:34+02:00","running",186,186,40096,48578,42148,"200"
"1787161744","2026-08-19T19:49:05+02:00","running",186,186,40166,48578,42244,"200"
"1787161775","2026-08-19T19:49:35+02:00","running",186,186,40267,48578,42362,"200"
"1787161805","2026-08-19T19:50:05+02:00","running",186,186,40391,48578,42489,"200"
"1787161835","2026-08-19T19:50:36+02:00","running",186,186,40447,48578,42574,"200"
"1787161866","2026-08-19T19:51:06+02:00","running",186,186,40532,48578,42679,"200"
"1787161896","2026-08-19T19:51:36+02:00","running",186,186,40596,48578,42770,"200"
"1787161926","2026-08-19T19:52:06+02:00","running",186,186,40709,48578,42892,"200"
"1787161956","2026-08-19T19:52:37+02:00","running",186,186,40754,48578,42972,"200"
"1787161987","2026-08-19T19:53:07+02:00","running",186,186,40794,48578,43049,"200"
"1787162017","2026-08-19T19:53:37+02:00","running",186,186,40839,48578,43129,"200"
"1787162047","2026-08-19T19:54:08+02:00","running",186,186,40957,48578,43253,"200"
"1787162078","2026-08-19T19:54:38+02:00","running",186,186,41064,48578,43371,"200"
"1787162108","2026-08-19T19:55:08+02:00","running",186,186,41203,48578,43510,"200"
"1787162138","2026-08-19T19:55:39+02:00","running",186,186,41284,48578,43611,"200"
"1787162169","2026-08-19T19:56:09+02:00","running",186,186,41408,48578,43741,"200"
"1787162199","2026-08-19T19:56:39+02:00","running",186,186,41539,48578,43876,"200"
"1787162229","2026-08-19T19:57:10+02:00","running",186,186,41656,48578,44003,"200"
"1787162260","2026-08-19T19:57:40+02:00","running",186,186,41789,48578,44138,"200"
"1787162290","2026-08-19T19:58:10+02:00","running",186,186,41885,48578,44245,"200"
"1787162320","2026-08-19T19:58:41+02:00","running",186,186,41998,48578,44367,"200"
"1787162351","2026-08-19T19:59:11+02:00","running",186,186,42114,48578,44489,"200"
"1787162381","2026-08-19T19:59:41+02:00","running",186,186,42203,48578,44592,"200"
"1787162411","2026-08-19T20:00:12+02:00","running",186,186,42321,48578,44716,"200"
"1787162442","2026-08-19T20:00:42+02:00","running",186,186,42430,48578,44835,"200"
"1787162472","2026-08-19T20:01:12+02:00","running",186,186,42546,48578,44959,"200"
"1787162502","2026-08-19T20:01:42+02:00","running",186,186,42658,48578,45076,"200"
"1787162532","2026-08-19T20:02:13+02:00","running",186,186,42790,48578,45209,"200"
"1787162563","2026-08-19T20:02:43+02:00","running",186,186,42940,48578,45360,"200"
"1787162593","2026-08-19T20:03:13+02:00","running",186,186,43047,48578,45471,"200"
"1787162623","2026-08-19T20:03:44+02:00","running",186,186,43114,48578,45561,"200"
"1787162654","2026-08-19T20:04:14+02:00","running",186,186,43159,48578,45641,"200"
"1787162684","2026-08-19T20:04:44+02:00","running",186,186,43265,48578,45755,"200"
"1787162714","2026-08-19T20:05:14+02:00","running",186,186,43383,48578,45880,"200"
"1787162744","2026-08-19T20:05:45+02:00","running",186,186,43500,48578,46003,"200"
"1787162775","2026-08-19T20:06:15+02:00","running",186,186,43608,48578,46119,"200"
"1787162805","2026-08-19T20:06:45+02:00","running",186,186,43727,48578,46240,"200"
"1787162835","2026-08-19T20:07:16+02:00","running",186,186,43805,48578,46337,"200"
"1787162866","2026-08-19T20:07:46+02:00","running",186,186,43917,48578,46454,"200"
"1787162896","2026-08-19T20:08:16+02:00","running",186,186,44043,48578,46586,"200"
"1787162926","2026-08-19T20:08:47+02:00","running",186,186,44139,48578,46700,"200"
"1787162957","2026-08-19T20:09:17+02:00","running",186,186,44259,48578,46828,"200"
"1787162987","2026-08-19T20:09:47+02:00","running",186,186,44386,48578,46959,"200"
"1787163017","2026-08-19T20:10:18+02:00","running",186,186,44523,48578,47096,"200"
"1787163048","2026-08-19T20:10:48+02:00","running",186,186,44660,48578,47234,"200"
"1787163078","2026-08-19T20:11:18+02:00","running",186,186,44760,48578,47343,"200"
"1787163108","2026-08-19T20:11:49+02:00","running",186,186,44815,48578,47427,"200"
"1787163139","2026-08-19T20:12:19+02:00","running",186,186,44944,48578,47561,"200"
"1787163169","2026-08-19T20:12:49+02:00","running",186,186,45067,48578,47689,"200"
"1787163199","2026-08-19T20:13:20+02:00","running",186,186,45195,48578,47821,"200"
"1787163230","2026-08-19T20:13:50+02:00","running",186,186,45301,48578,47936,"200"
"1787163260","2026-08-19T20:14:20+02:00","running",186,186,45413,48578,48055,"200"
"1787163290","2026-08-19T20:14:51+02:00","running",186,186,45499,48578,48159,"200"
"1787163321","2026-08-19T20:15:21+02:00","running",186,186,45631,48578,48295,"200"
"1787163351","2026-08-19T20:15:51+02:00","running",186,186,45771,48578,48437,"200"
"1787163381","2026-08-19T20:16:22+02:00","running",186,186,45926,48578,48593,"200"
"1787163412","2026-08-19T20:16:52+02:00","running",186,186,46054,48578,48727,"200"
"1787163442","2026-08-19T20:17:22+02:00","running",186,186,46219,48578,48892,"200"
"1787163472","2026-08-19T20:17:53+02:00","running",186,186,46351,48578,49029,"200"
"1787163503","2026-08-19T20:18:23+02:00","running",186,186,46486,48578,49168,"200"
"1787163533","2026-08-19T20:18:53+02:00","running",186,186,46623,48578,49305,"200"
"1787163563","2026-08-19T20:19:24+02:00","running",186,186,46768,48578,49450,"200"
"1787163594","2026-08-19T20:19:54+02:00","running",186,186,46927,48578,49609,"200"
"1787163624","2026-08-19T20:20:24+02:00","running",186,186,47085,48578,49767,"200"
"1787163654","2026-08-19T20:20:54+02:00","running",186,186,47207,48578,49893,"200"
"1787163684","2026-08-19T20:21:25+02:00","running",186,186,47315,48578,50011,"200"
"1787163715","2026-08-19T20:21:55+02:00","running",186,186,47446,48578,50151,"200"
"1787163745","2026-08-19T20:22:25+02:00","running",186,186,47503,48578,50238,"200"
"1787163775","2026-08-19T20:22:55+02:00","running",186,186,47503,48578,50292,"200"
"1787163805","2026-08-19T20:23:26+02:00","running",186,186,47503,48578,50346,"200"
"1787163836","2026-08-19T20:23:56+02:00","running",186,186,47536,48578,50415,"200"
"1787163866","2026-08-19T20:24:26+02:00","running",186,186,47628,48578,50520,"200"
"1787163896","2026-08-19T20:24:57+02:00","running",186,186,47724,48578,50627,"200"
"1787163927","2026-08-19T20:25:27+02:00","running",186,186,47766,48578,50700,"200"
"1787163957","2026-08-19T20:25:57+02:00","running",186,186,47805,48578,50776,"200"
"1787163987","2026-08-19T20:26:28+02:00","running",186,186,47858,48578,50854,"200"
"1787164018","2026-08-19T20:26:58+02:00","running",186,186,47920,48578,50937,"200"
"1787164048","2026-08-19T20:27:28+02:00","running",186,186,47952,48578,51006,"200"
"1787164078","2026-08-19T20:27:59+02:00","running",186,186,48000,48578,51084,"200"
"1787164109","2026-08-19T20:28:29+02:00","running",186,186,48034,48578,51152,"200"
"1787164139","2026-08-19T20:28:59+02:00","running",186,186,48050,48578,51212,"200"
"1787164169","2026-08-19T20:29:29+02:00","running",186,186,48070,48578,51275,"200"
"1787164199","2026-08-19T20:30:00+02:00","running",186,186,48098,48578,51340,"200"
"1787164230","2026-08-19T20:30:30+02:00","running",186,186,48124,48578,51404,"200"
"1787164260","2026-08-19T20:31:01+02:00","running",186,186,48137,48578,51464,"200"
"1787164291","2026-08-19T20:31:31+02:00","running",186,186,48154,48578,51523,"200"
"1787164321","2026-08-19T20:32:01+02:00","running",186,186,48179,48578,51586,"200"
"1787164351","2026-08-19T20:32:32+02:00","running",186,186,48220,48578,51656,"200"
"1787164382","2026-08-19T20:33:02+02:00","running",186,186,48246,48578,51721,"200"
"1787164412","2026-08-19T20:33:32+02:00","running",186,186,48277,48578,51788,"200"
"1787164442","2026-08-19T20:34:02+02:00","running",186,186,48294,48578,51849,"200"
"1787164472","2026-08-19T20:34:33+02:00","running",186,186,48303,48578,51907,"200"
"1787164503","2026-08-19T20:35:03+02:00","running",186,186,48331,48578,51973,"200"
"1787164533","2026-08-19T20:35:33+02:00","running",186,186,48395,48578,52054,"200"
"1787164563","2026-08-19T20:36:03+02:00","running",186,186,48481,48578,52159,"200"
"1787164593","2026-08-19T20:36:34+02:00","running",186,186,48577,48578,52264,"200"
"1787164624","2026-08-19T20:37:04+02:00","running",186,186,48577,48578,52264,"200"
"1787164654","2026-08-19T20:37:34+02:00","running",186,186,48577,48578,52264,"200"
"1787164684","2026-08-19T20:38:05+02:00","running",186,186,48577,48578,52264,"200"
"1787164715","2026-08-19T20:38:35+02:00","running",186,186,48577,48578,52264,"200"
"1787164745","2026-08-19T20:39:05+02:00","running",186,186,48577,48578,52264,"200"
"1787164775","2026-08-19T20:39:35+02:00","running",186,186,48577,48578,52264,"200"
"1787164805","2026-08-19T20:40:06+02:00","running",186,186,48577,48578,52264,"200"
"1787164836","2026-08-19T20:40:36+02:00","running",186,186,48577,48578,52264,"200"
"1787164866","2026-08-19T20:41:06+02:00","running",186,186,48577,48578,52264,"200"
"1787164896","2026-08-19T20:41:37+02:00","running",186,186,48577,48578,52264,"200"
"1787164927","2026-08-19T20:42:07+02:00","ready",186,186,48578,48578,52265,"200"
